Part Number	Tier 1
09-0052-003	NA
10-003-293	NA
1224-1076	NA
1224-1077	NA
2190-1015	NA
2190-1219	NA
2190-1263	NA
2190-1287	NA
2190-1292	NA
2190-1300	NA
2190-1434	NA
2190-1662	NA
2190-1728	NA
2190-1729	NA
221134	NA
221136	NA
221227	NA
221229	NA
221700	NA
221704	NA
221721	NA
2389-057	NA
2389-063	NA
2415-529	NA
2426-539	NA
2428-015	NA
2488-037	NA
2489-067	NA
2489-089	NA
2508-723	NA
2510-027	NA
2513-301	NA
2513-302	NA
2525-015	NA
2526-707	NA
2529-023	NA
2529-031	NA
2529-033	NA
2529-039	NA
2548-023	NA
2563-016	NA
2568-019	NA
2582-025	NA
2582-027	NA
2582-029	NA
2582-043	NA
2603-309	NA
2603-313	NA
2605-001	NA
2605-003	NA
2613-108	NA
2627-010	NA
2628-015	NA
2629-021	NA
2629-023	NA
3550-1873	NA
3550-1874	NA
3550-1981	NA
3550-2207	NA
3600-2640	NA
3600-2978	NA
4034-1000	NA
4034-1003	NA
4034-1463	NA
4034-1486 Rev.A	NA
4034-1569	NA
4034-2065	NA
4034-2201	NA
4034-2202	NA
4034-2306	NA
4034-2509	NA
4034-2621	NA
4034-2632	NA
4166-845	NA
2415-537	A&L Machining
221240	General Machine
2403-719	General Machine
2489-073	General Machine
2503-729	General Machine
2190-1205	Kadon Aerospace
2190-1206	Kadon Aerospace
221023	Kadon Aerospace
221134	Kadon Aerospace
221235	Kadon Aerospace
221280	Kadon Aerospace
221439	Kadon Aerospace
221504	Kadon Aerospace
221727	Kadon Aerospace
2389-027	Kadon Aerospace
2403-112	Kadon Aerospace
2403-761	Kadon Aerospace
2415-529	Kadon Aerospace
2489-017	Kadon Aerospace
2489-061	Kadon Aerospace
2489-069	Kadon Aerospace
2503-720	Kadon Aerospace
2563-018	Kadon Aerospace
2582-023	Kadon Aerospace
2190-1303	Point Precision Inc.
2503-737	Prince Industries
2600-004	Prince Industries
DYNC 1192-900	Prince Industries
2190-1125	QCC, LLC
2190-1236	QCC, LLC
2190-1263	QCC, LLC
2190-1287	QCC, LLC
2190-1316	QCC, LLC
221219	QCC, LLC
221503	QCC, LLC
2415-531	QCC, LLC
2448-057	QCC, LLC
2510-027	QCC, LLC
2525-031	QCC, LLC
2626-004	QCC, LLC
2526-707	QCC, LLC
09-0052-003	QCC, LLC
2190-1015	QCC, LLC
2190-1444	QCC, LLC
2190-1699	QCC, LLC
2389-051	QCC, LLC
2190-1302	SMI Aerospace
221228	SMI Aerospace
2190-1077	ACME Industrial
2190-1641	ACME Industrial
2190-1642	ACME Industrial
2190-1405	ACME Industrial
2190-1479	acme industrial
2190-1303	Mallory Industries
2190-1304	wood Industries
